{"learner":{"attributes":{"scikit_learn":"{\"_estimator_type\": \"regressor\"}"},"feature_names":["0","1","2","3","4","5","6","7","8","9"],"feature_types":["float","float","float","float","float","float","float","float","float","float"],"gradient_booster":{"model":{"gbtree_model_param":{"num_parallel_tree":"1","num_trees":"10"},"iteration_indptr":[0,1,2,3,4,5,6,7,8,9,10],"tree_info":[0,0,0,0,0,0,0,0,0,0],"trees":[{"base_weights":[-0E0,-4.7987464E-1,2.9382202E-1,-2.0274574E-1,-3.5307221E0,1.5819232E-1,-2.9812518E-3,-6.5585905E-1,4.262885E-1,-3.7916133E-1,-0E0,-8.8307273E-1,-0E0,1.1439534E0,-0E0,-1.2544633E-1,-2.207349E-2,1.13437595E-2,-4.083675E-2,-0E0,1.884208E-1,-5.8088124E-2,1.6919927E-1],"categories":[],"categories_nodes":[],"categories_segments":[],"categories_sizes":[],"default_left":[0,1,0,0,0,0,0,0,0,0,0,0,0,0,1,0,0,0,0,0,0,0,0],"id":0,"left_children":[1,3,5,7,9,-1,-1,11,13,-1,-1,15,17,19,21,-1,-1,-1,-1,-1,-1,-1,-1],"loss_changes":[1.07299225E2,2.0629263E2,2.1233282E2,7.924668E1,1.1364319E1,0E0,0E0,2.2173012E1,3.2137478E1,0E0,0E0,1.4489433E1,3.0800033E0,2.7068726E1,6.553942E1,0E0,0E0,0E0,0E0,0E0,0E0,0E0,0E0],"parents":[2147483647,0,0,1,1,2,2,3,3,4,4,7,7,8,8,11,11,12,12,13,13,14,14],"right_children":[2,4,6,8,10,-1,-1,12,14,-1,-1,16,18,20,22,-1,-1,-1,-1,-1,-1,-1,-1],"split_conditions":[3.47428E0,6.47E-1,8.71E-1,5.15E-1,3.1636E0,1.5819232E-1,-2.9812518E-3,1.4231E-1,5.44E-1,-3.7916133E-1,-0E0,4.45E-1,5.04E-1,2.2876E-1,6.09E-1,-1.2544633E-1,-2.207349E-2,1.13437595E-2,-4.083675E-2,-0E0,1.884208E-1,-5.8088124E-2,1.6919927E-1],"split_indices":[0,4,4,4,0,0,0,0,4,0,0,4,4,0,4,0,0,0,0,0,0,0,0],"split_type":[0,0,0,0,0,0,0,0,0,0,0,0,0,0,0,0,0,0,0,0,0,0,0],"sum_hessian":[7.59E2,2.88E2,4.71E2,2.68E2,2E1,1E2,3.71E2,1.65E2,1.03E2,1.8E1,2E0,1.19E2,4.6E1,3.8E1,6.5E1,6.6E1,5.3E1,3.1E1,1.5E1,1.7E1,2.1E1,4.9E1,1.6E1],"tree_param":{"num_deleted":"0","num_feature":"10","num_nodes":"23","size_leaf_vector":"1"}},{"base_weights":[-0E0,4.928448E-1,-3.076867E-1,-0E0,1.3603113E0,-1.3011445E0,-1.6372988E-2,2.534533E-1,-1.5501365E-1,1.3740765E-1,-0E0,-2.8247058E-1,-7.265357E-1,-0E0,-1.6597882E-3,-0E0,5.612565E-1,-0E0,-1.2432262E0,-0E0,-1.3277552E-2,6.972659E-2,-0E0,-0E0,1.863143E-2,-0E0,-1.2898827E-1],"categories":[],"categories_nodes":[],"categories_segments":[],"categories_sizes":[],"default_left":[0,0,0,0,0,0,0,0,0,0,0,0,0,0,0,0,0,0,0,0,0,0,0,0,0,0,0],"id":1,"left_children":[1,3,5,7,9,11,13,15,-1,-1,-1,-1,17,-1,-1,19,21,23,25,-1,-1,-1,-1,-1,-1,-1,-1],"loss_changes":[1.1502992E2,1.2015617E2,1.23114624E2,7.06082E1,1.9887848E0,4.9105057E1,1.9393191E-3,1.8130684E1,0E0,0E0,0E0,0E0,3.9199165E1,0E0,0E0,8.990962E-1,1.2173281E1,7.983994E-1,2.8180923E0,0E0,0E0,0E0,0E0,0E0,0E0,0E0,0E0],"parents":[2147483647,0,0,1,1,2,2,3,3,4,4,5,5,6,6,7,7,12,12,15,15,16,16,17,17,18,18],"right_children":[2,4,6,8,10,12,14,16,-1,-1,-1,-1,18,-1,-1,20,22,24,26,-1,-1,-1,-1,-1,-1,-1,-1],"split_conditions":[1.98E0,3.47428E0,2.00001E0,1.38799E0,9.673E1,2.008E1,2.77974E0,1.4476E-1,-1.5501365E-1,1.3740765E-1,-0E0,-2.8247058E-1,2.828E1,-0E0,-1.6597882E-3,6.417E-2,1E0,2.108E1,1.381E-2,-0E0,-1.3277552E-2,6.972659E-2,-0E0,-0E0,1.863143E-2,-0E0,-1.2898827E-1],"split_indices":[1,0,3,0,0,1,0,0,0,0,0,0,1,0,0,0,3,1,0,0,0,0,0,0,0,0,0],"split_type":[0,0,0,0,0,0,0,0,0,0,0,0,0,0,0,0,0,0,0,0,0,0,0,0,0,0,0],"sum_hessian":[7.59E2,2.89E2,4.7E2,1.87E2,1.02E2,9.8E1,3.72E2,1.63E2,2.4E1,1.01E2,1E0,2.1E1,7.7E1,3E0,3.69E2,7.3E1,9E1,2.6E1,5.1E1,2.3E1,5E1,8.3E1,7E0,4E0,2.2E1,2E0,4.9E1],"tree_param":{"num_deleted":"0","num_feature":"10","num_nodes":"27","size_leaf_vector":"1"}},{"base_weights":[-0E0,-2.1379645E-1,1.3042527E-1,9.200298E-3,-1.1087859E0,7.532795E-1,-1.1350923E-1,-2.8932104E0,-5.264298E-1,-0E0,1.1151661E0,-9.344987E-1,-0E0,-2.9712215E-1,-0E0,-1.0174314E-1,-9.2482036E-1,1.04811145E-2,-2.2809755E-3,1.268525E-1,-0E0,-0E0,-1.3474756E-1,1.313235E-3,-1.4808961E-3,-3.9601825E-2,3.262995E-2,-2.0748793E-1,-0E0],"categories":[],"categories_nodes":[],"categories_segments":[],"categories_sizes":[],"default_left":[1,1,0,0,0,0,0,0,0,0,0,0,0,0,0,0,0,0,0,0,0,0,0,0,0,0,0,0,0],"id":2,"left_children":[1,3,-1,5,7,9,11,13,15,17,19,21,23,-1,-1,25,27,-1,-1,-1,-1,-1,-1,-1,-1,-1,-1,-1,-1],"loss_changes":[2.069426E2,1.4212994E2,0E0,5.3779514E1,1.09764404E2,2.2653378E1,3.5452724E1,4.89653E0,8.420492E0,1.09794356E-1,1.2791168E1,1.3426189E1,8.4607065E-2,0E0,0E0,9.265882E0,6.052968E1,0E0,0E0,0E0,0E0,0E0,0E0,0E0,0E0,0E0,0E0,0E0,0E0],"parents":[2147483647,0,0,1,1,3,3,4,4,5,5,6,6,7,7,8,8,9,9,10,10,11,11,12,12,15,15,16,16],"right_children":[2,4,-1,6,8,10,12,14,16,18,20,22,24,-1,-1,26,28,-1,-1,-1,-1,-1,-1,-1,-1,-1,-1,-1,-1],"split_conditions":[2.4E1,5E0,1.3042527E-1,4.7211E0,2.3158E0,4E0,7.3172E0,6E0,1.98E0,2.5052E0,1.98E0,5.4159E0,1.21265E1,-2.9712215E-1,-0E0,4.175E0,7E0,1.04811145E-2,-2.2809755E-3,1.268525E-1,-0E0,-0E0,-1.3474756E-1,1.313235E-3,-1.4808961E-3,-3.9601825E-2,3.262995E-2,-2.0748793E-1,-0E0],"split_indices":[8,8,0,7,7,8,7,8,1,7,1,7,7,0,0,7,8,0,0,0,0,0,0,0,0,0,0,0,0],"split_type":[0,0,0,0,0,0,0,0,0,0,0,0,0,0,0,0,0,0,0,0,0,0,0,0,0,0,0,0,0],"sum_hessian":[7.59E2,6.56E2,1.03E2,5.17E2,1.39E2,8.4E1,4.33E2,2.9E1,1.1E2,2.8E1,5.6E1,4.6E1,3.87E2,2.8E1,1E0,6.6E1,4.4E1,8E0,2E1,5.1E1,5E0,1.7E1,2.9E1,1.4E1,3.73E2,5.3E1,1.3E1,2.2E1,2.2E1],"tree_param":{"num_deleted":"0","num_feature":"10","num_nodes":"29","size_leaf_vector":"1"}},{"base_weights":[-0E0,-2.561136E-1,1.3070217E-1,-9.797061E-2,-3.1350887E-1,-1.0797076E0,5.867503E-4,-1.1155988E0,-0E0,-6.6367306E-2,5.821082E-1,-0E0,-1.13279976E-1,-0E0,-4.6333585E-2,1.0796576E-1,-0E0],"categories":[],"categories_nodes":[],"categories_segments":[],"categories_sizes":[],"default_left":[1,1,0,0,0,0,1,0,0,1,0,0,0,0,0,0,0],"id":3,"left_children":[1,3,-1,5,-1,7,9,11,-1,13,15,-1,-1,-1,-1,-1,-1],"loss_changes":[2.4868523E2,2.5874765E2,0E0,6.991063E1,0E0,2.6323547E0,2.6493607E1,1.1532669E0,0E0,7.9933662E0,2.5726198E1,0E0,0E0,0E0,0E0,0E0,0E0],"parents":[2147483647,0,0,1,1,3,3,5,5,6,6,7,7,9,9,10,10],"right_children":[2,4,-1,6,-1,8,10,12,-1,14,16,-1,-1,-1,-1,-1,-1],"split_conditions":[4.37E2,6.05E-1,1.3070217E-1,4.49E0,-3.1350887E-1,4.03E2,5.15E-1,3.92E-1,-0E0,2.89E2,9.9E0,-0E0,-1.13279976E-1,-0E0,-4.6333585E-2,1.0796576E-1,-0E0],"split_indices":[9,4,0,2,0,9,4,4,0,9,2,0,0,0,0,0,0],"split_type":[0,0,0,0,0,0,0,0,0,0,0,0,0,0,0,0,0],"sum_hessian":[7.59E2,6.39E2,1.2E2,6.1E2,2.9E1,6.4E1,5.46E2,6.2E1,2E0,4.75E2,7.1E1,1E0,6.1E1,4.29E2,4.6E1,4.2E1,2.9E1],"tree_param":{"num_deleted":"0","num_feature":"10","num_nodes":"17","size_leaf_vector":"1"}},{"base_weights":[-0E0,1.1764651E-1,-1.2734658E0,-5.7571854E-2,5.9483343E-1,-1.5850118E0,-0E0,-0E0,-2.5354308E-1,8.076915E-1,-1.776322E-1,-1.0336201E0,-2.8145945E-1,1.3484688E-1,-2.026404E-2,-4.110936E-1,-0E0,-0E0,1.01632036E-1,-1.6766346E0,-1.1137172E-1,-0E0,3.6091827E-2,-2.983168E-3,-0E0,-4.4351578E-2,-0E0,1.00897506E-1,-1.6583214E-2,-1.780759E-1,-0E0,-2.0976879E-2,-0E0],"categories":[],"categories_nodes":[],"categories_segments":[],"categories_sizes":[],"default_left":[1,1,0,1,0,0,0,0,0,0,0,0,0,0,1,0,0,0,0,0,0,0,0,0,0,0,0,0,0,0,0,0,0],"id":4,"left_children":[1,3,5,7,9,11,-1,13,15,17,-1,19,-1,21,23,25,-1,27,-1,29,31,-1,-1,-1,-1,-1,-1,-1,-1,-1,-1,-1,-1],"loss_changes":[1.23083984E2,6.318269E1,4.224021E1,3.836719E0,9.319707E1,6.4349365E-1,0E0,3.4526807E-1,4.506731E0,2.5441498E1,0E0,1.1584164E1,0E0,9.905211E-1,1.8008135E-1,6.5125847E-1,0E0,1.3178877E1,0E0,5.1088715E0,8.407771E-1,0E0,0E0,0E0,0E0,0E0,0E0,0E0,0E0,0E0,0E0,0E0,0E0],"parents":[2147483647,0,0,1,1,2,2,3,3,4,4,5,5,7,7,8,8,9,9,11,11,13,13,14,14,15,15,17,17,19,19,20,20],"right_children":[2,4,6,8,10,12,-1,14,16,18,-1,20,-1,22,24,26,-1,28,-1,30,32,-1,-1,-1,-1,-1,-1,-1,-1,-1,-1,-1,-1],"split_conditions":[6.8E0,5.15E-1,2.33099E0,5.981E0,8.71E-1,5.75E-1,-0E0,4.33E-1,1.3117E-1,2.2876E-1,-1.776322E-1,4.45E-1,-2.8145945E-1,4E-1,5.841E0,6.701E0,-0E0,5.24E-1,1.01632036E-1,1.1504E-1,5.15E-1,-0E0,3.6091827E-2,-2.983168E-3,-0E0,-4.4351578E-2,-0E0,1.00897506E-1,-1.6583214E-2,-1.780759E-1,-0E0,-2.0976879E-2,-0E0],